User_Name,Full_Name,Cover_Pic,Profile_Image,Verified,Birthday,Location,Website,BIO,Followers,Following,Join_date,,
,,,,,,,,,,,,,
@iamsrk,Shah Rukh Khan ,https://pbs.twimg.com/profile_banners/101311381/1454256204/600x200,https://twitter.com/@iamsrk/photo,TRUE,,,https://t.co/NJY7giyFC0,,42.8M,74,Joined January 2010,,
,,,,,,,,,,,,,
@SRKandKAJOLorg,Kajol & SRK FANCLUB ,https://pbs.twimg.com/profile_banners/101534404/1453322448/600x200,https://twitter.com/@srkandkajolorg/photo,FALSE,,"Berlin, Germany",http://t.co/SOAk0iNjiO,"Welcome to the biggest fanclub & most reliable news source for Bollywood's JODI #1: Kajol & Shahrukh Khan  Kajol: 
@KajolAtUN
  Shahrukh: 
@iamsrk",31.9K,23,Joined January 2010,,
,,,,,,,,,,,,,
@IAMSRK_WORLD,SHAHRUKH KHAN WORLD ,https://pbs.twimg.com/profile_banners/403781609/1414682466/600x200,https://twitter.com/@iamsrk_world/photo,FALSE,WORLDWIDE,Entertainment & Recreation,https://t.co/Odgg0SQk1P,"Follow The Real SRK Twitter handle 
@iamsrk
 

SRK News with Authentic sources on Daily basis Follow Our Fan Club :)",24.8K,54,Joined November 2011,,
,,,,,,,,,,,,,
@IAMSRKFans,SRK Fans ‚ù§Ô∏è iamsrk ‚ù§Ô∏è KKR ‚ù§Ô∏è KKRHaiTaiyaar ‚ù§Ô∏è Eden ,https://pbs.twimg.com/profile_banners/255015065/1402392275/600x200,https://twitter.com/@iamsrkfans/photo,FALSE,,Mumbai Kolkata India World,https://t.co/O54xsdxn7Y,"We Love SRK. iamsrk, Red Chillies Ent, Supporter. Keep Loving 
@iamsrk
 & fans.  SRK Fans  iamsrk  KKR  Eden Gardens  KKRHaiTaiyaar  EdenGardens  KLJ",26.7K,26,Joined February 2011,,
,,,,,,,,,,,,,
@RussianSRKFans,@ShahrukhKhanInfo ,https://pbs.twimg.com/profile_banners/523972225/1435970054/600x200,https://twitter.com/@russiansrkfans/photo,FALSE,,"Russia, Moscow",http://t.co/U7FR41IMvx,"BEST #RUSSIAN 
@iamsrk
 FANSITE! 
@SRKYO
 admin site! We love & admire 
@iamsrk
! He's One & Only KING in Bollywood! –§–∞–Ω –°–∞–π—Ç –æ –®–∞—Ö—Ä—É–∫—Ö –ö—Ö–∞–Ω–µ! –ü—Ä–∏—Å–æ–µ–¥–∏–Ω—è–π—Ç–µ—Å—å!","6,851",119,Joined March 2012,,
,,,,,,,,,,,,,
@sk9146417645,Shahrukh A Khan ,https://pbs.twimg.com/profile_banners/4406282894/1600928216/600x200,https://twitter.com/@sk9146417645/photo,FALSE,,"Pune, India",,"First follow King of Bollywood 
@iamsrk
 then me.U Can call me JuniorSrk or Undefined fan of SRK","1,794",92,Joined November 2015,,
,,,,,,,,,,,,,
@ZybotH,mahjong funny moments ,https://pbs.twimg.com/profile_banners/2713479160/1586789369/600x200,https://twitter.com/@zyboth/photo,FALSE,Born February 14,"Sweden, Sweden",https://t.co/zSY55wrWth,"this is a Shahrukh Khan STAN account, if you do not like Shahrukh Khan UNFOLLOW now",300,42,Joined July 2014,,
,,,,,,,,,,,,,
@SRK_FC,SRK FAN CLUB - SRKFC || KKR || SHAH RUKH KHAN FANS ,https://pbs.twimg.com/profile_banners/148016974/1402390645/600x200,https://twitter.com/@srk_fc/photo,FALSE,,HEART of SRK lovers,https://t.co/TcIM7iB32M,"SRK FC. A Fan Account. King of Romance. Bollywood Badshah. King of Bollywood. World's Best Actor. #ShahrukhKhan. 
@iamsrk
 #KKR #Bollywood #SRK. Proud Indians.",111.9K,25,Joined May 2010,,
,,,,,,,,,,,,,
@shahrukhkhan681,Shahrukh khan Actor ,https://pbs.twimg.com/profile_banners/2908323902/1416760397/600x200,https://twitter.com/@shahrukhkhan681/photo,FALSE,,,,,380,10,Joined November 2014,,
,,,,,,,,,,,,,
@iamsrk_brkk,JUST A FAN. ,https://pbs.twimg.com/profile_banners/1241774358458228738/1633245767/600x200,https://twitter.com/@iamsrk_brkk/photo,FALSE,,Jodhpur,,Google BBC CNN Discovery Wikipedia Forbes The Times The Guardian says Biggest star of the world.#OnlyShahRukhKhanMatter.,339,6,Joined March 2020,,
,,,,,,,,,,,,,
@ShahRukhKhanFr,SHAHRUKH KHAN FRANCE ,https://pbs.twimg.com/profile_banners/81654926/1423275596/600x200,https://twitter.com/@shahrukhkhanfr/photo,FALSE,,France,https://t.co/rlM2EthR99,"Only 
@iamsrk
 news in French & English - Website : http://shahrukhkhan.fr  -  FB : http://facebook.com/shahrukhkhan.f‚Ä¶",516,45,Joined October 2009,,
,,,,,,,,,,,,,
@ShahRukhKhan_FC,Ó®Ä üá∏ üá∑ üá∞ ·ñ¥·ó©·ëé’è ·ëï·í™·ëå·ó∑ üáÆüá≥ ,https://pbs.twimg.com/profile_banners/156967233/1667577083/600x200,https://twitter.com/@shahrukhkhan_fc/photo,FALSE,WhatsApp - 9851088380,,https://t.co/Vdud8GFAND,"ùëæùíÜùíçùíÑùíêùíéùíÜ ùíïùíê ùë∫ùëØùë®ùëØ ùëπùëºùë≤ùëØ ùë≤ùëØùë®ùëµ ùë≠ùíÇùíèùíî ùë™ùíçùíñùíÉ

Upcoming 
@iamsrk
 MOVIES :
#PATHAAN : 25 JAN 2023
#JAWAN  : 02 JUN 2023
#DUNKI  : 22 DEC 2023",235.4K,33,Joined June 2010,,
,,,,,,,,,,,,,
@OnlineShahRukh,ShahRukh Khan Fans ,https://pbs.twimg.com/profile_images/3511288973/81dfab25c048e22f806fda4da900852c_200x200.jpeg,https://twitter.com/@onlineshahrukh/photo,FALSE,,India ,http://t.co/Q25rHiCipj,"Fan Club Of Shahrukh Khan, the King of Bollywood! Next Biggest Upcoming Movie: Chennai Express",765,6,Joined April 2012,,
,,,,,,,,,,,,,
@weloveyou_SRK,Love ShahRukh Khan ,https://pbs.twimg.com/profile_banners/416465922/1397584756/600x200,https://twitter.com/@weloveyou_srk/photo,FALSE,,London,,"Love Shahrukh alot. He is the best of best. Shahrukh love u, love u, love u :-)",673,29,Joined November 2011,,
,,,,,,,,,,,,,
@KhanSkking,shahrukhkhan fanclub ,https://pbs.twimg.com/profile_banners/1037135658/1356539111/600x200,https://twitter.com/@khanskking/photo,FALSE,,,,who is real fan of shahrukh khan he or she will follow by this account,448,12,Joined December 2012,,
,,,,,,,,,,,,,
@shahrukhkhan13b,shahrukh khan ,https://pbs.twimg.com/profile_images/1432161945/Malik__3__200x200.jpg,https://twitter.com/@shahrukhkhan13b/photo,FALSE,,,,,21,20,Joined July 2011,,
,,,,,,,,,,,,,
@UnofficialShah,Unofficial_ShahRukhKhan ,https://pbs.twimg.com/profile_images/1457044642088644613/DpiXvgoi_200x200.jpg,https://twitter.com/@unofficialshah/photo,FALSE,,,https://t.co/wYSMo4AQYm,"Here Only For 
@iamsrk
Follow Me To Follow Back 
Love Pyaar Dosti",225,356,Joined June 2020,,
,,,,,,,,,,,,,
@shahrukh_iamsrk,SHAHRUKH KHAN ,https://pbs.twimg.com/profile_images/479274957692628992/DFSVusPC_200x200.jpeg,https://twitter.com/@shahrukh_iamsrk/photo,FALSE,,"mumbai,india",http://t.co/rgTV59mOH7,,12,60,Joined June 2014,,
,,,,,,,,,,,,,
@SHAHRUKHKHAN019,SHAHRUKH KHAN ,https://pbs.twimg.com/profile_images/879693242861748225/NKVuK_xH_200x200.jpg,https://twitter.com/@shahrukhkhan019/photo,FALSE,,,,,12,220,Joined June 2017,,
,,,,,,,,,,,,,
@iamsrk1226,Shahrukh Khan üáÆüá≥ ,https://pbs.twimg.com/profile_banners/902936208854048768/1504112101/600x200,https://twitter.com/@iamsrk1226/photo,FALSE,"Born December 26, 1998","Jamnagar, India",,"Fan club which always support 
@iamsrk",2,42,Joined August 2017,,
,,,,,,,,,,,,,
@iamsrk21165,Shahrukh Khan ,https://pbs.twimg.com/profile_images/532478566739353600/n_v3DErx_200x200.jpeg,https://twitter.com/@iamsrk21165/photo,FALSE,,,,,2,34,Joined November 2014,,
,,,,,,,,,,,,,
@_iamsrk_fc,Shahrukh Khan FC ,https://pbs.twimg.com/profile_banners/794442166210678784/1483507922/600x200,https://twitter.com/@_iamsrk_fc/photo,FALSE,,"Mumbai, India",,This is a handle for all the sharukh khan fans out there!!,13,73,Joined November 2016,,
,,,,,,,,,,,,,
@iamsrk_sk,Shahrukh Khan ,https://pbs.twimg.com/profile_images/859631001198264321/1T4okAmT_200x200.jpg,https://twitter.com/@iamsrk_sk/photo,FALSE,"Born November 2, 1965","Bandra West, Mumbai",https://t.co/W6GbrPv6er,Bollywood and Celebrities,3,99,Joined May 2017,,
,,,,,,,,,,,,,
@B_ShahrukhKhan,Bolly_ShahrukhKhan ,https://pbs.twimg.com/profile_banners/793509444940365824/1478022834/600x200,https://twitter.com/@b_shahrukhkhan/photo,FALSE,,,,,11,2,Joined November 2016,,
,,,,,,,,,,,,,
@khan_iamsrk,SHAHRUKH KHAN ,https://pbs.twimg.com/profile_banners/1237234208/1362274464/600x200,https://twitter.com/@khan_iamsrk/photo,FALSE,,,,,6,3,Joined March 2013,,
,,,,,,,,,,,,,
@shahrukhkhanPic,shahrukh khan Pics ,https://pbs.twimg.com/profile_banners/795636841710026753/1496321860/600x200,https://twitter.com/@shahrukhkhanpic/photo,FALSE,,Only Srk Matters,,Follow Us To Get Live Photos Of Bollywood #Superstar #Shahrukhkhan,15,23,Joined November 2016,,
,,,,,,,,,,,,,
@iamsrk32,shahrukh khan ,https://pbs.twimg.com/profile_banners/1036955919878213632/1536065561/600x200,https://twitter.com/@iamsrk32/photo,FALSE,,"Maharashtra, India",,Main akela he chala tha janib_e_ manzil magar log saath aate gaye aur karwaan banta gaya.,18,56,Joined September 2018,,
,,,,,,,,,,,,,
@iamsrk867,Shahrukh Khan ,https://pbs.twimg.com/profile_banners/761786236050759680/1470460506/600x200,https://twitter.com/@iamsrk867/photo,FALSE,,"Punjab, Pakistan",,Entertainment Actors & Actresses Movies,1,6,Joined August 2016,,
,,,,,,,,,,,,,
@iamsrk1000,Shahrukh Khan ,https://pbs.twimg.com/profile_banners/764716086168354816/1471157751/600x200,https://twitter.com/@iamsrk1000/photo,FALSE,,,,,1,0,Joined August 2016,,
,,,,,,,,,,,,,
@shahrukhkhan539,Shahrukh Khan ,https://pbs.twimg.com/profile_images/445574925/shahrukhblur_200x200.png,https://twitter.com/@shahrukhkhan539/photo,FALSE,,,,,24,20,Joined October 2009,,
,,,,,,,,,,,,,
@shahrukhkhan125,shahrukh khan ,https://pbs.twimg.com/profile_images/2582248935/shahrukh-khan_200x200.jpg,https://twitter.com/@shahrukhkhan125/photo,FALSE,,,,,18,8,Joined September 2012,,
,,,,,,,,,,,,,
@ShahrukhkhanFa6,Shahrukh khan Fans ,https://pbs.twimg.com/profile_banners/2221712323/1386503407/600x200,https://twitter.com/@shahrukhkhanfa6/photo,FALSE,,,,,29,88,Joined November 2013,,
,,,,,,,,,,,,,
@iamsrk9660,shahrukh khan ,https://pbs.twimg.com/profile_images/501322077937209345/havM5Qh3_200x200.jpeg,https://twitter.com/@iamsrk9660/photo,FALSE,,,,,0,2,Joined August 2014,,
,,,,,,,,,,,,,
@shahrukhkhanFC_,shahrukh khan ,https://pbs.twimg.com/profile_images/2403571015/wg2ve7izwfhf4fec5a35_200x200.jpeg,https://twitter.com/@shahrukhkhanfc_/photo,FALSE,,,,"I am huge fan of SRK... * his movies ......**** performance **** and his team KKR ...
@iamsrk
 ....*******",45,82,Joined January 2012,,
,,,,,,,,,,,,,
@shahrukhkhan010,Shahrukh KhaN ,https://pbs.twimg.com/profile_banners/702438045690281984/1456320603/600x200,https://twitter.com/@shahrukhkhan010/photo,FALSE,,,,,15,21,Joined February 2016,,
,,,,,,,,,,,,,
@shahrukhkhanDO1,shahrukh khan ,https://pbs.twimg.com/profile_images/2285640695/don_2_200x200.jpg,https://twitter.com/@shahrukhkhando1/photo,FALSE,,,,,21,14,Joined June 2012,,
,,,,,,,,,,,,,
@shahrukhkhan980,shahrukh khan ,https://pbs.twimg.com/profile_images/716332393968181248/S7frizbe_200x200.jpg,https://twitter.com/@shahrukhkhan980/photo,FALSE,,,,,14,11,Joined April 2016,,
,,,,,,,,,,,,,
@iamsrk129,Shahrukh Khan ,https://pbs.twimg.com/profile_banners/916529501919571968/1507353064/600x200,https://twitter.com/@iamsrk129/photo,FALSE,,,,,0,52,Joined October 2017,,
,,,,,,,,,,,,,
@iamsrk007,shahrukh khan ,https://pbs.twimg.com/profile_images/699482777/keep_it_onn_200x200.jpg,https://twitter.com/@iamsrk007/photo,FALSE,,,,,108,1,Joined February 2010,,
,,,,,,,,,,,,,
@shahrukhkhan786,Shahrukh Khan ,https://pbs.twimg.com/profile_images/584452778/srk_200x200.jpg,https://twitter.com/@shahrukhkhan786/photo,FALSE,,,,,90,0,Joined December 2009,,
,,,,,,,,,,,,,
@iamsrk_fn,Shahrukh Khan ,https://pbs.twimg.com/profile_images/632049333244825600/KepPG8ti_200x200.jpg,https://twitter.com/@iamsrk_fn/photo,FALSE,,,,,36,199,Joined July 2015,,
,,,,,,,,,,,,,
@ShahRukhUnique,SHAHRUKH KHAN UNIQUE ,https://pbs.twimg.com/profile_banners/1065754669/1438781953/600x200,https://twitter.com/@shahrukhunique/photo,FALSE,,Indonesia,http://t.co/nsjgpSUxC1,"Is't all about Shahrukh Khan for fans all countries including Indonesia..

Ini tentang  Shahrukh Khan untuk fans diseluruh negara termasuk Indonesia",182,32,Joined January 2013,,
,,,,,,,,,,,,,
@Shahruk61401486,Shahrukh KhanS ,https://pbs.twimg.com/profile_images/1477533481043324929/civ4J4rv_200x200.png,https://twitter.com/@shahruk61401486/photo,FALSE,,,,,0,6,Joined January 2022,,
,,,,,,,,,,,,,
@salma1035543006,susan shahrukh khan ,https://pbs.twimg.com/profile_banners/1275900230/1372285114/600x200,https://twitter.com/@salma1035543006/photo,FALSE,,saudi,http://t.co/fowtrstuZ9,I LOVE SHAH RUKH VERY MUCH FAMELA,292,298,Joined March 2013,,
,,,,,,,,,,,,,
@Lover_KingKhan,Shahrukh Khan Lover ,https://pbs.twimg.com/profile_banners/397941385/1362836839/600x200,https://twitter.com/@lover_kingkhan/photo,FALSE,,SRK,,"Shahrukh Khan Lover Indonesia we love king khan always support 
@iamsrk",223,317,Joined October 2011,,
,,,,,,,,,,,,,
@DON_DON2_srk,_DON_iamsrk_ ,https://abs.twimg.com/sticky/default_profile_images/default_profile_200x200.png,https://twitter.com/@don_don2_srk/photo,FALSE,,,,,169,18,Joined August 2010,,
,,,,,,,,,,,,,
@Shahruk87336363,Shahrukh Khan ,https://pbs.twimg.com/profile_images/1578656771094126592/-rCp1c6Y_200x200.png,https://twitter.com/@shahruk87336363/photo,FALSE,,,,,2,19,Joined October 2022,,
,,,,,,,,,,,,,
@JuniorShahRuk16,Junior ShahRukh Khan ,https://pbs.twimg.com/profile_images/1078893968786681861/Dqx-TzFp_200x200.jpg,https://twitter.com/@juniorshahruk16/photo,FALSE,,,,ShahRukh Khan,5,294,Joined December 2018,,
,,,,,,,,,,,,,
@SHHHHA3,SH√°H≈î√ªƒ∂H ƒ∂HA≈É ,https://pbs.twimg.com/profile_images/804030131048214528/n4YjEAUd_200x200.jpg,https://twitter.com/@shhhha3/photo,FALSE,,,,,2,24,Joined November 2016,,
,,,,,,,,,,,,,
@ShahrukhKhanTwt,Shahrukh Khan ,https://pbs.twimg.com/profile_banners/1268172235/1363300472/600x200,https://twitter.com/@shahrukhkhantwt/photo,FALSE,,,,"everybody ! Pls make me as follower that was very nice !! And 
@Aishwarya
 Raiii she's beautifull !!!",6,1,Joined March 2013,,
,,,,,,,,,,,,,
@shahruk76747531,shahrukh khan ,https://pbs.twimg.com/profile_banners/719730003/1382045198/600x200,https://twitter.com/@shahruk76747531/photo,FALSE,,,,,21,44,Joined October 2013,,
,,,,,,,,,,,,,
@srkfan1210,Shahrukh Khan ,https://pbs.twimg.com/profile_banners/736841069715939328/1464521499/600x200,https://twitter.com/@srkfan1210/photo,FALSE,,,https://t.co/XilzShVH2Y,,5,46,Joined May 2016,,
